Model,P_Value,AUC_Mean,ACC_Mean,F1_Mean,Sens_Mean,Spec_Mean,Train_AUC_Mean,TN,FP,FN,TP
TS_Riemann_RBFSVM_neuroHarmonize,0.0196078431372549,0.7652206217924893,0.6917874396135266,0.6630226071431705,0.6219289458357601,0.7590068099184657,1.0,402,128,191,314
